id,Condition,Symptom 1,Symptom 2,Symptom 3,Symptom 4
0,Hyperventilation,Dizziness/light-headed,Breathing difficulty,,
1,Cardiac Arrest,Breathing difficulty,Unconsciousness,Chest pain,
2,Stroke,Loss of arm mobility,Unconsciousness,Slurred speech,
3,Epileptic Seizures,Breathing difficulty,,,
4,Epileptic Seizures,Jerking of limbs,,,
5,Concussion,Unconsciousness,Disorientation,Bruising/swelling on head,Headache
6,Sprains,Bruising of joint,,,
7,Bone Fracture/Dislocation,Visible deformity of bone/joint,Bruising of joint,Swelling of joint,
8,Hyperventilation,Dizziness/light-headed,Palpitation/rapid pulse,,
9,Burn/Scalds,Red/peeling skin,,,
10,Bone Fracture/Dislocation,Swelling of joint,Visible deformity of bone/joint,Bruising of joint,
11,Concussion,Unconsciousness,,,
12,Heatstroke,Excessive sweating,Dizziness/light-headed,Clammy skin,High body temperature
13,Hyperventilation,Disorientation,,,
14,Heatstroke,Dizziness/light-headed,Clammy skin,Excessive sweating,
15,Epileptic Seizures,Breathing difficulty,Jerking of limbs,,
16,Epileptic Seizures,Jerking of limbs,Disorientation,,
17,Sprains,Swelling of joint,Bruising of joint,,
18,Stroke,Unconsciousness,Loss of arm mobility,,
19,Cardiac Arrest,Breathing difficulty,Unconsciousness,Chest pain,Absence of pulse
20,Epileptic Seizures,Jerking of limbs,Disorientation,,
21,Stroke,Slurred speech,Loss of arm mobility,,
22,Epileptic Seizures,Disorientation,Breathing difficulty,Jerking of limbs,Unconsciousness
23,Heatstroke,Clammy skin,Dizziness/light-headed,Excessive sweating,
24,Hyperventilation,Palpitation/rapid pulse,Disorientation,,
25,Stroke,Loss of arm mobility,Unconsciousness,Slurred speech,
26,Hyperventilation,Disorientation,,,
27,Concussion,Disorientation,Headache,,
28,Stroke,Slurred speech,,,
29,Hyperventilation,Dizziness/light-headed,Disorientation,Palpitation/rapid pulse,Breathing difficulty
30,Burn/Scalds,Red/peeling skin,,,
31,Burn/Scalds,Red/peeling skin,,,
32,Stroke,Loss of arm mobility,,,
33,Bone Fracture/Dislocation,Bruising of joint,Swelling of joint,,
34,Heatstroke,High body temperature,Excessive sweating,Dizziness/light-headed,
35,Sprains,Swelling of joint,Bruising of joint,,
36,Hyperventilation,Palpitation/rapid pulse,Breathing difficulty,Disorientation,
37,Hyperventilation,Breathing difficulty,,,
38,Hyperventilation,Palpitation/rapid pulse,,,
39,Heatstroke,Dizziness/light-headed,High body temperature,Clammy skin,
40,Epileptic Seizures,Breathing difficulty,,,
41,Cardiac Arrest,Chest pain,,,
42,Epileptic Seizures,Breathing difficulty,Jerking of limbs,Disorientation,
43,Bone Fracture/Dislocation,Bruising of joint,Visible deformity of bone/joint,Swelling of joint,
44,Sprains,Swelling of joint,Bruising of joint,,
45,Heatstroke,Clammy skin,High body temperature,Dizziness/light-headed,Excessive sweating
46,Stroke,Slurred speech,Loss of arm mobility,Unconsciousness,
47,Sprains,Bruising of joint,,,
48,Burn/Scalds,Charred/blistered skin,Red/peeling skin,,
49,Hyperventilation,Dizziness/light-headed,Breathing difficulty,,
50,Hyperventilation,Breathing difficulty,,,
51,Cardiac Arrest,Chest pain,Breathing difficulty,Absence of pulse,
52,Sprains,Swelling of joint,,,
53,Stroke,Slurred speech,Lopsided facial expression,Unconsciousness,Loss of arm mobility
54,Heatstroke,Clammy skin,Excessive sweating,Dizziness/light-headed,
55,Bone Fracture/Dislocation,Swelling of joint,Bruising of joint,,
56,External Bleeding,Bleeding from an open wound,,,
57,Burn/Scalds,Charred/blistered skin,,,
58,Cardiac Arrest,Breathing difficulty,Absence of pulse,,
59,Concussion,Unconsciousness,Headache,Bruising/swelling on head,
60,Stroke,Unconsciousness,Slurred speech,,
61,Hyperventilation,Breathing difficulty,Dizziness/light-headed,Palpitation/rapid pulse,
62,External Bleeding,Bleeding from an open wound,,,
63,Concussion,Unconsciousness,Bruising/swelling on head,Headache,
64,Heatstroke,Clammy skin,High body temperature,,
65,Hyperventilation,Breathing difficulty,Disorientation,Dizziness/light-headed,
66,Concussion,Unconsciousness,Bruising/swelling on head,Headache,Disorientation
67,Concussion,Disorientation,Bruising/swelling on head,,
68,Epileptic Seizures,Breathing difficulty,,,
69,Burn/Scalds,Red/peeling skin,,,
70,External Bleeding,Bleeding from an open wound,,,
71,Hyperventilation,Breathing difficulty,Palpitation/rapid pulse,Dizziness/light-headed,Disorientation
72,Stroke,Loss of arm mobility,,,
73,Cardiac Arrest,Unconsciousness,Breathing difficulty,,
74,Cardiac Arrest,Breathing difficulty,Absence of pulse,Unconsciousness,
75,Concussion,Headache,Unconsciousness,Disorientation,
76,Bone Fracture/Dislocation,Visible deformity of bone/joint,,,
77,Cardiac Arrest,Chest pain,Unconsciousness,,
78,Epileptic Seizures,Unconsciousness,Breathing difficulty,,
79,Epileptic Seizures,Breathing difficulty,Jerking of limbs,,
80,Bone Fracture/Dislocation,Swelling of joint,Visible deformity of bone/joint,,
81,Concussion,Unconsciousness,,,
82,Stroke,Loss of arm mobility,Lopsided facial expression,Slurred speech,
83,External Bleeding,Bleeding from an open wound,,,
84,External Bleeding,Bleeding from an open wound,,,
85,Concussion,Disorientation,Bruising/swelling on head,Unconsciousness,Headache
86,Sprains,Swelling of joint,,,
87,External Bleeding,Bleeding from an open wound,,,
88,Concussion,Unconsciousness,Disorientation,Bruising/swelling on head,
89,Hyperventilation,Palpitation/rapid pulse,,,
90,Burn/Scalds,Red/peeling skin,Charred/blistered skin,,
91,Hyperventilation,Disorientation,,,
92,Burn/Scalds,Red/peeling skin,,,
93,Hyperventilation,Breathing difficulty,Disorientation,,
94,Bone Fracture/Dislocation,Visible deformity of bone/joint,Bruising of joint,,
95,Concussion,Unconsciousness,Bruising/swelling on head,Headache,
96,Sprains,Swelling of joint,,,
97,Stroke,Loss of arm mobility,Slurred speech,,
98,Sprains,Bruising of joint,,,
99,Heatstroke,High body temperature,Clammy skin,Excessive sweating,
100,Cardiac Arrest,Absence of pulse,,,
101,Burn/Scalds,Red/peeling skin,Charred/blistered skin,,
102,Concussion,Bruising/swelling on head,Headache,,
103,Concussion,Disorientation,,,
104,External Bleeding,Bleeding from an open wound,,,
105,External Bleeding,Bleeding from an open wound,,,
106,Hyperventilation,Disorientation,Palpitation/rapid pulse,Dizziness/light-headed,
107,Hyperventilation,Breathing difficulty,Disorientation,Dizziness/light-headed,Palpitation/rapid pulse
108,Bone Fracture/Dislocation,Visible deformity of bone/joint,Swelling of joint,,
109,Bone Fracture/Dislocation,Swelling of joint,,,
110,External Bleeding,Bleeding from an open wound,,,
111,Cardiac Arrest,Unconsciousness,,,
112,Concussion,Unconsciousness,Bruising/swelling on head,,
113,External Bleeding,Bleeding from an open wound,,,
114,Stroke,Lopsided facial expression,Slurred speech,Unconsciousness,Loss of arm mobility
115,Cardiac Arrest,Breathing difficulty,Chest pain,Absence of pulse,Unconsciousness
116,Sprains,Swelling of joint,Bruising of joint,,
117,Sprains,Swelling of joint,Bruising of joint,,
118,Sprains,Swelling of joint,Bruising of joint,,
119,Cardiac Arrest,Breathing difficulty,,,
120,Burn/Scalds,Red/peeling skin,Charred/blistered skin,,
121,Cardiac Arrest,Unconsciousness,Absence of pulse,Chest pain,Breathing difficulty
122,External Bleeding,Bleeding from an open wound,,,
123,Hyperventilation,Breathing difficulty,Palpitation/rapid pulse,,
124,Heatstroke,Dizziness/light-headed,Excessive sweating,Clammy skin,
125,Sprains,Bruising of joint,Swelling of joint,,
126,Bone Fracture/Dislocation,Swelling of joint,,,
127,Stroke,Slurred speech,,,
128,Stroke,Slurred speech,Loss of arm mobility,Unconsciousness,
129,Cardiac Arrest,Breathing difficulty,Absence of pulse,Chest pain,Unconsciousness
130,Concussion,Bruising/swelling on head,Disorientation,Headache,Unconsciousness
131,External Bleeding,Bleeding from an open wound,,,
132,Stroke,Lopsided facial expression,,,
133,External Bleeding,Bleeding from an open wound,,,
134,Stroke,Slurred speech,,,
135,Concussion,Bruising/swelling on head,,,
136,Epileptic Seizures,Unconsciousness,,,
137,Burn/Scalds,Charred/blistered skin,,,
138,External Bleeding,Bleeding from an open wound,,,
139,External Bleeding,Bleeding from an open wound,,,
140,Hyperventilation,Palpitation/rapid pulse,Breathing difficulty,,
141,External Bleeding,Bleeding from an open wound,,,
142,Sprains,Swelling of joint,Bruising of joint,,
143,Epileptic Seizures,Unconsciousness,Disorientation,,
144,Heatstroke,High body temperature,Dizziness/light-headed,Excessive sweating,Clammy skin
145,Heatstroke,High body temperature,,,
146,Hyperventilation,Breathing difficulty,,,
147,Burn/Scalds,Red/peeling skin,Charred/blistered skin,,
148,Heatstroke,Dizziness/light-headed,Excessive sweating,Clammy skin,High body temperature
149,Burn/Scalds,Charred/blistered skin,,,
150,External Bleeding,Bleeding from an open wound,,,
151,Hyperventilation,Dizziness/light-headed,Breathing difficulty,,
152,Burn/Scalds,Charred/blistered skin,Red/peeling skin,,
153,Hyperventilation,Disorientation,Palpitation/rapid pulse,,
154,Heatstroke,Excessive sweating,High body temperature,,
155,Epileptic Seizures,Unconsciousness,Jerking of limbs,Disorientation,Breathing difficulty
156,Sprains,Bruising of joint,Swelling of joint,,
157,Cardiac Arrest,Breathing difficulty,Unconsciousness,Chest pain,
158,Bone Fracture/Dislocation,Bruising of joint,Swelling of joint,Visible deformity of bone/joint,
159,Bone Fracture/Dislocation,Swelling of joint,,,
160,Stroke,Unconsciousness,Slurred speech,,
161,External Bleeding,Bleeding from an open wound,,,
162,Heatstroke,Dizziness/light-headed,Clammy skin,High body temperature,
163,External Bleeding,Bleeding from an open wound,,,
164,Epileptic Seizures,Breathing difficulty,Jerking of limbs,Disorientation,
165,Cardiac Arrest,Unconsciousness,Breathing difficulty,,
166,Epileptic Seizures,Jerking of limbs,,,
167,Epileptic Seizures,Unconsciousness,,,
168,External Bleeding,Bleeding from an open wound,,,
169,Epileptic Seizures,Disorientation,Jerking of limbs,Unconsciousness,Breathing difficulty
170,Stroke,Unconsciousness,Loss of arm mobility,,
171,Epileptic Seizures,Unconsciousness,Jerking of limbs,,
172,External Bleeding,Bleeding from an open wound,,,
173,Cardiac Arrest,Chest pain,,,
174,Cardiac Arrest,Unconsciousness,Chest pain,,
175,Concussion,Bruising/swelling on head,Headache,Disorientation,
176,Sprains,Bruising of joint,Swelling of joint,,
177,Concussion,Disorientation,Unconsciousness,,
178,Hyperventilation,Dizziness/light-headed,Breathing difficulty,Disorientation,
179,Epileptic Seizures,Disorientation,,,
180,External Bleeding,Bleeding from an open wound,,,
181,Cardiac Arrest,Absence of pulse,Breathing difficulty,Unconsciousness,Chest pain
182,Cardiac Arrest,Unconsciousness,,,
183,Hyperventilation,Dizziness/light-headed,Breathing difficulty,Palpitation/rapid pulse,Disorientation
184,Heatstroke,Clammy skin,,,
185,Heatstroke,Excessive sweating,Dizziness/light-headed,High body temperature,Clammy skin
186,Epileptic Seizures,Unconsciousness,Breathing difficulty,Jerking of limbs,Disorientation
187,Sprains,Swelling of joint,Bruising of joint,,
188,Epileptic Seizures,Unconsciousness,Disorientation,Breathing difficulty,
189,Concussion,Headache,,,
190,Sprains,Swelling of joint,Bruising of joint,,
191,Stroke,Slurred speech,Loss of arm mobility,Lopsided facial expression,Unconsciousness
192,Heatstroke,Excessive sweating,,,
193,Epileptic Seizures,Jerking of limbs,Unconsciousness,Disorientation,Breathing difficulty
194,Hyperventilation,Breathing difficulty,,,
195,Heatstroke,Dizziness/light-headed,,,
196,Burn/Scalds,Red/peeling skin,,,
197,Stroke,Unconsciousness,Loss of arm mobility,Lopsided facial expression,Slurred speech
198,Stroke,Lopsided facial expression,Slurred speech,,
199,Stroke,Unconsciousness,,,
200,Concussion,Unconsciousness,Bruising/swelling on head,,
201,Heatstroke,Dizziness/light-headed,Excessive sweating,High body temperature,Clammy skin
202,Heatstroke,Clammy skin,High body temperature,,
203,Hyperventilation,Disorientation,Breathing difficulty,Palpitation/rapid pulse,Dizziness/light-headed
204,Concussion,Unconsciousness,Bruising/swelling on head,Disorientation,Headache
205,Heatstroke,High body temperature,Dizziness/light-headed,Clammy skin,Excessive sweating
206,Burn/Scalds,Red/peeling skin,Charred/blistered skin,,
207,Concussion,Disorientation,Unconsciousness,,
208,Bone Fracture/Dislocation,Bruising of joint,Swelling of joint,Visible deformity of bone/joint,
209,Cardiac Arrest,Chest pain,,,
210,Sprains,Swelling of joint,,,
211,Heatstroke,High body temperature,Clammy skin,,
212,Burn/Scalds,Red/peeling skin,Charred/blistered skin,,
213,Cardiac Arrest,Absence of pulse,Unconsciousness,,
214,Sprains,Bruising of joint,Swelling of joint,,
215,Cardiac Arrest,Absence of pulse,Breathing difficulty,,
216,Epileptic Seizures,Disorientation,Jerking of limbs,Unconsciousness,
217,Epileptic Seizures,Breathing difficulty,,,
218,Hyperventilation,Breathing difficulty,Dizziness/light-headed,,
219,Cardiac Arrest,Unconsciousness,Absence of pulse,Breathing difficulty,Chest pain
220,Hyperventilation,Breathing difficulty,Palpitation/rapid pulse,Dizziness/light-headed,
221,Epileptic Seizures,Jerking of limbs,Breathing difficulty,Disorientation,Unconsciousness
222,Hyperventilation,Breathing difficulty,Palpitation/rapid pulse,,
223,Bone Fracture/Dislocation,Swelling of joint,,,
224,Epileptic Seizures,Jerking of limbs,Disorientation,,
225,Hyperventilation,Breathing difficulty,Disorientation,Dizziness/light-headed,Palpitation/rapid pulse
226,Epileptic Seizures,Unconsciousness,Disorientation,Breathing difficulty,Jerking of limbs
227,Sprains,Bruising of joint,Swelling of joint,,
228,Heatstroke,High body temperature,,,
229,Burn/Scalds,Red/peeling skin,,,
230,Epileptic Seizures,Disorientation,,,
231,Bone Fracture/Dislocation,Bruising of joint,Swelling of joint,Visible deformity of bone/joint,
232,Concussion,Disorientation,Unconsciousness,,
233,Concussion,Disorientation,Bruising/swelling on head,Unconsciousness,
234,Cardiac Arrest,Unconsciousness,Absence of pulse,Breathing difficulty,
235,Hyperventilation,Palpitation/rapid pulse,Disorientation,,
236,Bone Fracture/Dislocation,Visible deformity of bone/joint,,,
237,External Bleeding,Bleeding from an open wound,,,
238,Sprains,Bruising of joint,,,
239,Heatstroke,High body temperature,Dizziness/light-headed,,
240,Burn/Scalds,Charred/blistered skin,Red/peeling skin,,
241,Epileptic Seizures,Unconsciousness,Disorientation,Breathing difficulty,Jerking of limbs
242,Hyperventilation,Breathing difficulty,,,
243,Burn/Scalds,Charred/blistered skin,,,
244,Concussion,Disorientation,Bruising/swelling on head,Headache,Unconsciousness
245,Bone Fracture/Dislocation,Bruising of joint,Visible deformity of bone/joint,Swelling of joint,
246,Heatstroke,Dizziness/light-headed,,,
247,Stroke,Unconsciousness,Lopsided facial expression,Slurred speech,
248,Heatstroke,Excessive sweating,Clammy skin,Dizziness/light-headed,High body temperature
249,Cardiac Arrest,Chest pain,Breathing difficulty,Unconsciousness,
250,Concussion,Bruising/swelling on head,Disorientation,Unconsciousness,
251,Bone Fracture/Dislocation,Visible deformity of bone/joint,,,
252,Hyperventilation,Palpitation/rapid pulse,,,
253,Hyperventilation,Palpitation/rapid pulse,Dizziness/light-headed,Disorientation,
254,External Bleeding,Bleeding from an open wound,,,
255,Stroke,Lopsided facial expression,Unconsciousness,Loss of arm mobility,
256,Heatstroke,Dizziness/light-headed,Clammy skin,Excessive sweating,
257,Burn/Scalds,Red/peeling skin,,,
258,Epileptic Seizures,Unconsciousness,Disorientation,Breathing difficulty,
259,Hyperventilation,Dizziness/light-headed,Palpitation/rapid pulse,Breathing difficulty,Disorientation
260,Stroke,Slurred speech,Unconsciousness,Lopsided facial expression,Loss of arm mobility
261,Epileptic Seizures,Disorientation,Jerking of limbs,Breathing difficulty,
262,Heatstroke,High body temperature,Dizziness/light-headed,Excessive sweating,Clammy skin
263,External Bleeding,Bleeding from an open wound,,,
264,Epileptic Seizures,Unconsciousness,Jerking of limbs,Breathing difficulty,Disorientation
265,Concussion,Disorientation,Headache,,
266,Hyperventilation,Breathing difficulty,Disorientation,Palpitation/rapid pulse,
267,Hyperventilation,Disorientation,Dizziness/light-headed,Breathing difficulty,
268,Heatstroke,Excessive sweating,High body temperature,Clammy skin,
269,Epileptic Seizures,Breathing difficulty,,,
270,External Bleeding,Bleeding from an open wound,,,
271,Stroke,Loss of arm mobility,Slurred speech,Unconsciousness,Lopsided facial expression
272,Burn/Scalds,Red/peeling skin,,,
273,Heatstroke,Dizziness/light-headed,Excessive sweating,High body temperature,
274,Sprains,Bruising of joint,Swelling of joint,,
275,Concussion,Headache,Unconsciousness,,
276,Heatstroke,Excessive sweating,Clammy skin,,
277,Stroke,Lopsided facial expression,Loss of arm mobility,,
278,Concussion,Headache,,,
279,External Bleeding,Bleeding from an open wound,,,
280,Hyperventilation,Disorientation,,,
281,Stroke,Loss of arm mobility,Lopsided facial expression,,
282,External Bleeding,Bleeding from an open wound,,,
283,Hyperventilation,Breathing difficulty,Disorientation,Palpitation/rapid pulse,
284,Sprains,Bruising of joint,,,
285,Concussion,Bruising/swelling on head,Headache,Disorientation,Unconsciousness
286,Epileptic Seizures,Breathing difficulty,Unconsciousness,,
287,External Bleeding,Bleeding from an open wound,,,
288,External Bleeding,Bleeding from an open wound,,,
289,Hyperventilation,Dizziness/light-headed,Disorientation,,
290,Concussion,Unconsciousness,Bruising/swelling on head,Headache,Disorientation
291,Stroke,Loss of arm mobility,,,
292,Burn/Scalds,Red/peeling skin,,,
293,Bone Fracture/Dislocation,Bruising of joint,,,
294,Stroke,Unconsciousness,,,
295,Hyperventilation,Palpitation/rapid pulse,,,
296,Epileptic Seizures,Breathing difficulty,,,
297,Concussion,Headache,,,
298,Epileptic Seizures,Unconsciousness,Breathing difficulty,Jerking of limbs,
299,Heatstroke,Excessive sweating,Dizziness/light-headed,Clammy skin,
300,External Bleeding,Bleeding from an open wound,,,
301,Bone Fracture/Dislocation,Visible deformity of bone/joint,,,
302,External Bleeding,Bleeding from an open wound,,,
303,External Bleeding,Bleeding from an open wound,,,
304,Burn/Scalds,Charred/blistered skin,Red/peeling skin,,
305,Heatstroke,Dizziness/light-headed,High body temperature,,
306,Stroke,Loss of arm mobility,Slurred speech,Unconsciousness,
307,Bone Fracture/Dislocation,Swelling of joint,Bruising of joint,Visible deformity of bone/joint,
308,Bone Fracture/Dislocation,Bruising of joint,,,
309,Bone Fracture/Dislocation,Swelling of joint,Bruising of joint,,
310,Cardiac Arrest,Absence of pulse,Breathing difficulty,Chest pain,
311,Burn/Scalds,Red/peeling skin,Charred/blistered skin,,
312,Burn/Scalds,Red/peeling skin,Charred/blistered skin,,
313,Heatstroke,Excessive sweating,,,
314,Bone Fracture/Dislocation,Swelling of joint,,,
315,Burn/Scalds,Charred/blistered skin,,,
316,Concussion,Bruising/swelling on head,Unconsciousness,Disorientation,Headache
317,External Bleeding,Bleeding from an open wound,,,
318,Concussion,Disorientation,Headache,,
319,Epileptic Seizures,Breathing difficulty,Jerking of limbs,Disorientation,
320,Sprains,Bruising of joint,,,
321,Sprains,Bruising of joint,,,
322,Bone Fracture/Dislocation,Bruising of joint,Swelling of joint,,
323,Concussion,Headache,Bruising/swelling on head,,
324,Heatstroke,Dizziness/light-headed,Excessive sweating,,
325,Hyperventilation,Breathing difficulty,Dizziness/light-headed,,
326,External Bleeding,Bleeding from an open wound,,,
327,Heatstroke,High body temperature,,,
328,Sprains,Bruising of joint,Swelling of joint,,
329,External Bleeding,Bleeding from an open wound,,,
330,External Bleeding,Bleeding from an open wound,,,
331,Sprains,Swelling of joint,,,
332,Concussion,Unconsciousness,Disorientation,Bruising/swelling on head,Headache
333,Heatstroke,Excessive sweating,High body temperature,Dizziness/light-headed,Clammy skin
334,Cardiac Arrest,Breathing difficulty,Chest pain,Absence of pulse,
335,Bone Fracture/Dislocation,Swelling of joint,Visible deformity of bone/joint,Bruising of joint,
336,Concussion,Headache,,,
337,External Bleeding,Bleeding from an open wound,,,
338,Bone Fracture/Dislocation,Visible deformity of bone/joint,Bruising of joint,,
339,Sprains,Swelling of joint,,,
340,Bone Fracture/Dislocation,Visible deformity of bone/joint,Bruising of joint,Swelling of joint,
341,Hyperventilation,Breathing difficulty,Palpitation/rapid pulse,Dizziness/light-headed,
342,External Bleeding,Bleeding from an open wound,,,
343,Hyperventilation,Palpitation/rapid pulse,Dizziness/light-headed,Disorientation,Breathing difficulty
344,External Bleeding,Bleeding from an open wound,,,
345,Burn/Scalds,Red/peeling skin,,,
346,Stroke,Slurred speech,Lopsided facial expression,,
347,Cardiac Arrest,Chest pain,Breathing difficulty,Absence of pulse,Unconsciousness
348,Cardiac Arrest,Chest pain,Unconsciousness,,
349,Hyperventilation,Disorientation,Palpitation/rapid pulse,Dizziness/light-headed,Breathing difficulty
350,Epileptic Seizures,Disorientation,Unconsciousness,Breathing difficulty,Jerking of limbs
351,External Bleeding,Bleeding from an open wound,,,
352,Hyperventilation,Palpitation/rapid pulse,Dizziness/light-headed,,
353,Stroke,Unconsciousness,,,
354,Hyperventilation,Dizziness/light-headed,Palpitation/rapid pulse,Disorientation,Breathing difficulty
355,External Bleeding,Bleeding from an open wound,,,
356,External Bleeding,Bleeding from an open wound,,,
357,Sprains,Swelling of joint,,,
358,Heatstroke,Clammy skin,Dizziness/light-headed,High body temperature,
359,Sprains,Swelling of joint,,,
360,Cardiac Arrest,Unconsciousness,,,
361,External Bleeding,Bleeding from an open wound,,,
362,Heatstroke,Excessive sweating,Clammy skin,High body temperature,Dizziness/light-headed
363,Sprains,Swelling of joint,Bruising of joint,,
364,External Bleeding,Bleeding from an open wound,,,
365,Cardiac Arrest,Chest pain,Unconsciousness,Absence of pulse,
366,Sprains,Bruising of joint,,,
367,Burn/Scalds,Red/peeling skin,,,
368,Heatstroke,Dizziness/light-headed,High body temperature,Clammy skin,Excessive sweating
369,Bone Fracture/Dislocation,Swelling of joint,Bruising of joint,Visible deformity of bone/joint,
370,Burn/Scalds,Red/peeling skin,,,
371,Hyperventilation,Disorientation,Breathing difficulty,,
372,Cardiac Arrest,Chest pain,,,
373,Stroke,Unconsciousness,Loss of arm mobility,Lopsided facial expression,
374,External Bleeding,Bleeding from an open wound,,,
375,External Bleeding,Bleeding from an open wound,,,
376,Heatstroke,Dizziness/light-headed,Clammy skin,Excessive sweating,High body temperature
377,Hyperventilation,Breathing difficulty,Disorientation,Palpitation/rapid pulse,Dizziness/light-headed
378,Bone Fracture/Dislocation,Swelling of joint,Visible deformity of bone/joint,Bruising of joint,
379,Hyperventilation,Breathing difficulty,,,
380,Heatstroke,Excessive sweating,Clammy skin,Dizziness/light-headed,High body temperature
381,Hyperventilation,Palpitation/rapid pulse,Dizziness/light-headed,,
382,Concussion,Disorientation,Headache,Bruising/swelling on head,
383,Bone Fracture/Dislocation,Swelling of joint,Visible deformity of bone/joint,,
384,Heatstroke,Dizziness/light-headed,Excessive sweating,Clammy skin,
385,Bone Fracture/Dislocation,Swelling of joint,Visible deformity of bone/joint,,
386,Epileptic Seizures,Unconsciousness,Breathing difficulty,Disorientation,
387,Stroke,Slurred speech,Unconsciousness,Lopsided facial expression,Loss of arm mobility
388,Sprains,Swelling of joint,,,
389,Burn/Scalds,Red/peeling skin,,,
390,Hyperventilation,Breathing difficulty,Dizziness/light-headed,Disorientation,Palpitation/rapid pulse
391,Burn/Scalds,Red/peeling skin,Charred/blistered skin,,
392,Bone Fracture/Dislocation,Swelling of joint,Visible deformity of bone/joint,Bruising of joint,
393,Cardiac Arrest,Chest pain,Unconsciousness,Breathing difficulty,
394,Burn/Scalds,Red/peeling skin,,,
395,Heatstroke,Excessive sweating,Clammy skin,Dizziness/light-headed,
396,Stroke,Slurred speech,,,
397,Burn/Scalds,Charred/blistered skin,,,
398,Bone Fracture/Dislocation,Bruising of joint,Swelling of joint,Visible deformity of bone/joint,
399,Hyperventilation,Dizziness/light-headed,Breathing difficulty,Palpitation/rapid pulse,Disorientation
400,Concussion,Unconsciousness,Headache,,
401,Epileptic Seizures,Breathing difficulty,Jerking of limbs,Disorientation,
402,Heatstroke,Clammy skin,Excessive sweating,High body temperature,
403,Bone Fracture/Dislocation,Bruising of joint,,,
404,Stroke,Unconsciousness,Loss of arm mobility,,
405,Concussion,Bruising/swelling on head,Disorientation,,
406,Stroke,Unconsciousness,Lopsided facial expression,Loss of arm mobility,
407,Cardiac Arrest,Chest pain,Absence of pulse,,
408,Epileptic Seizures,Disorientation,,,
409,Heatstroke,High body temperature,Clammy skin,Dizziness/light-headed,
410,Hyperventilation,Disorientation,Dizziness/light-headed,Breathing difficulty,Palpitation/rapid pulse
411,Hyperventilation,Palpitation/rapid pulse,Dizziness/light-headed,,
412,Burn/Scalds,Red/peeling skin,Charred/blistered skin,,
413,Heatstroke,Clammy skin,High body temperature,,
414,Burn/Scalds,Charred/blistered skin,Red/peeling skin,,
415,Cardiac Arrest,Chest pain,,,
416,Concussion,Disorientation,Headache,Unconsciousness,Bruising/swelling on head
417,Bone Fracture/Dislocation,Swelling of joint,,,
418,Hyperventilation,Disorientation,Breathing difficulty,Palpitation/rapid pulse,
419,Concussion,Disorientation,,,
420,Bone Fracture/Dislocation,Bruising of joint,Swelling of joint,,
421,Bone Fracture/Dislocation,Visible deformity of bone/joint,Bruising of joint,Swelling of joint,
422,Hyperventilation,Breathing difficulty,,,
423,Cardiac Arrest,Breathing difficulty,Absence of pulse,Unconsciousness,Chest pain
424,Sprains,Swelling of joint,Bruising of joint,,
425,Hyperventilation,Palpitation/rapid pulse,,,
426,Sprains,Swelling of joint,,,
427,Hyperventilation,Dizziness/light-headed,Disorientation,Breathing difficulty,
428,Bone Fracture/Dislocation,Visible deformity of bone/joint,,,
429,Burn/Scalds,Red/peeling skin,Charred/blistered skin,,
430,Cardiac Arrest,Unconsciousness,,,
431,External Bleeding,Bleeding from an open wound,,,
432,Sprains,Swelling of joint,,,
433,Epileptic Seizures,Unconsciousness,Breathing difficulty,Disorientation,Jerking of limbs
434,Epileptic Seizures,Breathing difficulty,Jerking of limbs,Disorientation,Unconsciousness
435,Hyperventilation,Palpitation/rapid pulse,Disorientation,Dizziness/light-headed,
436,External Bleeding,Bleeding from an open wound,,,
437,Cardiac Arrest,Chest pain,,,
438,External Bleeding,Bleeding from an open wound,,,
439,External Bleeding,Bleeding from an open wound,,,
440,Bone Fracture/Dislocation,Bruising of joint,Visible deformity of bone/joint,Swelling of joint,
441,Hyperventilation,Breathing difficulty,Palpitation/rapid pulse,,
442,Stroke,Lopsided facial expression,Unconsciousness,,
443,External Bleeding,Bleeding from an open wound,,,
444,Cardiac Arrest,Unconsciousness,Absence of pulse,Chest pain,Breathing difficulty
445,Sprains,Bruising of joint,,,
446,Stroke,Loss of arm mobility,Slurred speech,,
447,Cardiac Arrest,Unconsciousness,Absence of pulse,Chest pain,
448,Cardiac Arrest,Absence of pulse,Breathing difficulty,Chest pain,Unconsciousness
449,Cardiac Arrest,Breathing difficulty,,,
450,Hyperventilation,Breathing difficulty,Dizziness/light-headed,,
451,Epileptic Seizures,Jerking of limbs,Disorientation,Unconsciousness,
452,Concussion,Disorientation,Bruising/swelling on head,Headache,
453,Epileptic Seizures,Disorientation,Unconsciousness,,
454,Stroke,Unconsciousness,Lopsided facial expression,,
455,Stroke,Unconsciousness,Slurred speech,Loss of arm mobility,Lopsided facial expression
456,Stroke,Loss of arm mobility,Unconsciousness,Slurred speech,Lopsided facial expression
457,Heatstroke,Dizziness/light-headed,High body temperature,,
458,Hyperventilation,Breathing difficulty,Palpitation/rapid pulse,,
459,Burn/Scalds,Charred/blistered skin,,,
460,Concussion,Unconsciousness,,,
461,Burn/Scalds,Charred/blistered skin,Red/peeling skin,,
462,Cardiac Arrest,Breathing difficulty,Chest pain,Unconsciousness,
463,Bone Fracture/Dislocation,Visible deformity of bone/joint,Swelling of joint,Bruising of joint,
464,Bone Fracture/Dislocation,Visible deformity of bone/joint,,,
465,Burn/Scalds,Red/peeling skin,,,
466,Concussion,Headache,,,
467,Hyperventilation,Palpitation/rapid pulse,,,
468,Concussion,Bruising/swelling on head,Disorientation,Unconsciousness,
469,Epileptic Seizures,Breathing difficulty,,,
470,Cardiac Arrest,Chest pain,Breathing difficulty,Unconsciousness,
471,Cardiac Arrest,Chest pain,Absence of pulse,,
472,Heatstroke,High body temperature,Excessive sweating,Clammy skin,
473,Epileptic Seizures,Breathing difficulty,Jerking of limbs,Disorientation,Unconsciousness
474,Hyperventilation,Breathing difficulty,,,
475,Epileptic Seizures,Breathing difficulty,Jerking of limbs,Unconsciousness,
476,Hyperventilation,Disorientation,,,
477,External Bleeding,Bleeding from an open wound,,,
478,Cardiac Arrest,Absence of pulse,Chest pain,Unconsciousness,Breathing difficulty
479,Cardiac Arrest,Absence of pulse,Chest pain,Breathing difficulty,
480,Epileptic Seizures,Unconsciousness,Disorientation,Breathing difficulty,Jerking of limbs
481,External Bleeding,Bleeding from an open wound,,,
482,Heatstroke,Clammy skin,Excessive sweating,High body temperature,
483,External Bleeding,Bleeding from an open wound,,,
484,External Bleeding,Bleeding from an open wound,,,
485,Stroke,Slurred speech,Lopsided facial expression,,
486,Cardiac Arrest,Breathing difficulty,Absence of pulse,,
487,Epileptic Seizures,Breathing difficulty,Unconsciousness,,
488,Concussion,Bruising/swelling on head,,,
489,External Bleeding,Bleeding from an open wound,,,
490,Concussion,Bruising/swelling on head,,,
491,Burn/Scalds,Charred/blistered skin,,,
492,Stroke,Unconsciousness,,,
493,Stroke,Slurred speech,Lopsided facial expression,,
494,External Bleeding,Bleeding from an open wound,,,
495,Burn/Scalds,Red/peeling skin,,,
496,External Bleeding,Bleeding from an open wound,,,
497,Cardiac Arrest,Absence of pulse,,,
498,Burn/Scalds,Charred/blistered skin,,,
499,External Bleeding,Bleeding from an open wound,,,
500,Stroke,Loss of arm mobility,,,
501,Cardiac Arrest,Chest pain,,,
502,Burn/Scalds,Red/peeling skin,,,
503,Heatstroke,High body temperature,Excessive sweating,,
504,Bone Fracture/Dislocation,Swelling of joint,Bruising of joint,,
505,Cardiac Arrest,Unconsciousness,Absence of pulse,Breathing difficulty,Chest pain
506,Bone Fracture/Dislocation,Swelling of joint,Bruising of joint,Visible deformity of bone/joint,
507,Sprains,Swelling of joint,,,
508,Bone Fracture/Dislocation,Swelling of joint,,,
509,Stroke,Slurred speech,Lopsided facial expression,Loss of arm mobility,Unconsciousness
510,Burn/Scalds,Charred/blistered skin,,,
511,Cardiac Arrest,Unconsciousness,Absence of pulse,Chest pain,Breathing difficulty
512,Stroke,Lopsided facial expression,Slurred speech,,
513,External Bleeding,Bleeding from an open wound,,,
514,Stroke,Lopsided facial expression,Unconsciousness,Slurred speech,Loss of arm mobility
515,External Bleeding,Bleeding from an open wound,,,
516,Stroke,Lopsided facial expression,Unconsciousness,Slurred speech,
517,Hyperventilation,Disorientation,Breathing difficulty,Palpitation/rapid pulse,Dizziness/light-headed
518,Concussion,Disorientation,Unconsciousness,Bruising/swelling on head,Headache
519,Burn/Scalds,Red/peeling skin,Charred/blistered skin,,
520,Heatstroke,Clammy skin,High body temperature,Excessive sweating,Dizziness/light-headed
521,Epileptic Seizures,Jerking of limbs,Breathing difficulty,,
522,Concussion,Unconsciousness,Headache,Disorientation,
523,External Bleeding,Bleeding from an open wound,,,
524,Burn/Scalds,Charred/blistered skin,Red/peeling skin,,
525,Bone Fracture/Dislocation,Swelling of joint,Visible deformity of bone/joint,Bruising of joint,
526,Stroke,Lopsided facial expression,Slurred speech,,
527,Bone Fracture/Dislocation,Swelling of joint,,,
528,External Bleeding,Bleeding from an open wound,,,
529,Burn/Scalds,Red/peeling skin,,,
530,Heatstroke,Clammy skin,High body temperature,,
531,Heatstroke,Excessive sweating,,,
532,Sprains,Bruising of joint,,,
533,Bone Fracture/Dislocation,Bruising of joint,,,
534,Concussion,Disorientation,Unconsciousness,Headache,
535,Stroke,Unconsciousness,Lopsided facial expression,Loss of arm mobility,
536,Hyperventilation,Disorientation,Palpitation/rapid pulse,Breathing difficulty,Dizziness/light-headed
537,Sprains,Bruising of joint,Swelling of joint,,
538,Stroke,Slurred speech,,,
539,Hyperventilation,Breathing difficulty,Palpitation/rapid pulse,,
540,Sprains,Swelling of joint,Bruising of joint,,
541,Cardiac Arrest,Breathing difficulty,,,
542,Bone Fracture/Dislocation,Swelling of joint,Bruising of joint,Visible deformity of bone/joint,
543,Burn/Scalds,Charred/blistered skin,,,
544,Sprains,Swelling of joint,,,
545,Bone Fracture/Dislocation,Bruising of joint,,,
546,Bone Fracture/Dislocation,Swelling of joint,Visible deformity of bone/joint,Bruising of joint,
547,External Bleeding,Bleeding from an open wound,,,
548,Bone Fracture/Dislocation,Visible deformity of bone/joint,,,
549,Burn/Scalds,Red/peeling skin,Charred/blistered skin,,
550,Concussion,Unconsciousness,Disorientation,Headache,
551,Concussion,Headache,Unconsciousness,Disorientation,Bruising/swelling on head
552,Hyperventilation,Disorientation,Breathing difficulty,,
553,Sprains,Swelling of joint,,,
554,Cardiac Arrest,Unconsciousness,,,
555,Concussion,Bruising/swelling on head,Unconsciousness,,
556,Hyperventilation,Palpitation/rapid pulse,Dizziness/light-headed,,
557,Bone Fracture/Dislocation,Swelling of joint,Visible deformity of bone/joint,Bruising of joint,
558,Heatstroke,High body temperature,,,
559,External Bleeding,Bleeding from an open wound,,,
560,External Bleeding,Bleeding from an open wound,,,
561,Bone Fracture/Dislocation,Swelling of joint,Visible deformity of bone/joint,Bruising of joint,
562,Cardiac Arrest,Unconsciousness,Chest pain,Absence of pulse,
563,Sprains,Swelling of joint,,,
564,Heatstroke,Clammy skin,High body temperature,,
565,Hyperventilation,Disorientation,,,
566,Concussion,Headache,Unconsciousness,Disorientation,
567,Stroke,Loss of arm mobility,Lopsided facial expression,Unconsciousness,
568,Cardiac Arrest,Unconsciousness,Absence of pulse,,
569,Bone Fracture/Dislocation,Visible deformity of bone/joint,Swelling of joint,,
570,Heatstroke,Excessive sweating,,,
571,Bone Fracture/Dislocation,Bruising of joint,Swelling of joint,,
572,Heatstroke,Excessive sweating,High body temperature,Clammy skin,Dizziness/light-headed
573,Burn/Scalds,Red/peeling skin,,,
574,Hyperventilation,Disorientation,Dizziness/light-headed,Palpitation/rapid pulse,
575,Cardiac Arrest,Breathing difficulty,Chest pain,,
576,Heatstroke,Clammy skin,,,
577,Sprains,Swelling of joint,,,
578,Heatstroke,High body temperature,Excessive sweating,,
579,Bone Fracture/Dislocation,Visible deformity of bone/joint,,,
580,Sprains,Bruising of joint,,,
581,Heatstroke,High body temperature,Clammy skin,Excessive sweating,
582,External Bleeding,Bleeding from an open wound,,,
583,Hyperventilation,Palpitation/rapid pulse,Disorientation,Dizziness/light-headed,Breathing difficulty
584,External Bleeding,Bleeding from an open wound,,,
585,Stroke,Slurred speech,,,
586,Burn/Scalds,Red/peeling skin,,,
587,Sprains,Swelling of joint,,,
588,Stroke,Lopsided facial expression,,,
589,Heatstroke,High body temperature,,,
590,External Bleeding,Bleeding from an open wound,,,
591,Epileptic Seizures,Disorientation,Jerking of limbs,,
592,Sprains,Bruising of joint,,,
593,Cardiac Arrest,Breathing difficulty,Unconsciousness,Chest pain,Absence of pulse
594,Burn/Scalds,Red/peeling skin,Charred/blistered skin,,
595,External Bleeding,Bleeding from an open wound,,,
596,Cardiac Arrest,Breathing difficulty,Chest pain,Absence of pulse,Unconsciousness
597,Concussion,Headache,Bruising/swelling on head,Unconsciousness,Disorientation
598,Concussion,Bruising/swelling on head,Unconsciousness,Disorientation,Headache
599,Epileptic Seizures,Breathing difficulty,,,
600,External Bleeding,Bleeding from an open wound,,,
601,Cardiac Arrest,Breathing difficulty,Chest pain,,
602,Cardiac Arrest,Absence of pulse,Unconsciousness,Chest pain,
603,Epileptic Seizures,Jerking of limbs,Disorientation,,
604,Heatstroke,High body temperature,Clammy skin,,
605,Cardiac Arrest,Absence of pulse,,,
606,Bone Fracture/Dislocation,Bruising of joint,,,
607,Burn/Scalds,Charred/blistered skin,Red/peeling skin,,
608,Heatstroke,Excessive sweating,Clammy skin,,
609,External Bleeding,Bleeding from an open wound,,,
610,Sprains,Bruising of joint,,,
611,Stroke,Unconsciousness,Lopsided facial expression,Loss of arm mobility,Slurred speech
612,Cardiac Arrest,Absence of pulse,,,
613,Heatstroke,High body temperature,,,
614,Cardiac Arrest,Breathing difficulty,Absence of pulse,Chest pain,Unconsciousness
615,Epileptic Seizures,Disorientation,Unconsciousness,,
616,Hyperventilation,Dizziness/light-headed,,,
617,Epileptic Seizures,Jerking of limbs,,,
618,Stroke,Lopsided facial expression,Unconsciousness,Slurred speech,
619,Cardiac Arrest,Breathing difficulty,,,
620,Hyperventilation,Breathing difficulty,,,
621,Burn/Scalds,Red/peeling skin,,,
622,Burn/Scalds,Red/peeling skin,Charred/blistered skin,,
623,External Bleeding,Bleeding from an open wound,,,
624,Stroke,Unconsciousness,Slurred speech,,
625,External Bleeding,Bleeding from an open wound,,,
626,External Bleeding,Bleeding from an open wound,,,
627,Cardiac Arrest,Absence of pulse,Unconsciousness,Chest pain,
628,Sprains,Bruising of joint,Swelling of joint,,
629,Sprains,Bruising of joint,Swelling of joint,,
630,Stroke,Slurred speech,,,
631,Cardiac Arrest,Chest pain,Unconsciousness,,
632,Cardiac Arrest,Breathing difficulty,Absence of pulse,Chest pain,
633,Stroke,Loss of arm mobility,Lopsided facial expression,Slurred speech,
634,Sprains,Swelling of joint,,,
635,Bone Fracture/Dislocation,Bruising of joint,Visible deformity of bone/joint,,
636,Sprains,Swelling of joint,Bruising of joint,,
637,External Bleeding,Bleeding from an open wound,,,
638,Bone Fracture/Dislocation,Visible deformity of bone/joint,,,
639,Epileptic Seizures,Jerking of limbs,Unconsciousness,Breathing difficulty,
640,External Bleeding,Bleeding from an open wound,,,
641,Concussion,Unconsciousness,Disorientation,,
642,Cardiac Arrest,Unconsciousness,Absence of pulse,Chest pain,
643,Stroke,Lopsided facial expression,,,
644,Sprains,Swelling of joint,,,
645,External Bleeding,Bleeding from an open wound,,,
646,Bone Fracture/Dislocation,Visible deformity of bone/joint,Bruising of joint,Swelling of joint,
647,Concussion,Disorientation,,,
648,Heatstroke,Dizziness/light-headed,Clammy skin,High body temperature,Excessive sweating
649,Epileptic Seizures,Disorientation,Unconsciousness,Jerking of limbs,
650,Stroke,Unconsciousness,Loss of arm mobility,Slurred speech,Lopsided facial expression
651,External Bleeding,Bleeding from an open wound,,,
652,Concussion,Bruising/swelling on head,Unconsciousness,Headache,
653,Hyperventilation,Breathing difficulty,Palpitation/rapid pulse,Disorientation,Dizziness/light-headed
654,Cardiac Arrest,Absence of pulse,,,
655,Bone Fracture/Dislocation,Visible deformity of bone/joint,Bruising of joint,,
656,Cardiac Arrest,Unconsciousness,Chest pain,,
657,Burn/Scalds,Red/peeling skin,Charred/blistered skin,,
658,Concussion,Headache,,,
659,Heatstroke,Dizziness/light-headed,Excessive sweating,Clammy skin,
660,Bone Fracture/Dislocation,Bruising of joint,Swelling of joint,Visible deformity of bone/joint,
661,External Bleeding,Bleeding from an open wound,,,
662,Hyperventilation,Disorientation,Dizziness/light-headed,Palpitation/rapid pulse,
663,Epileptic Seizures,Jerking of limbs,Breathing difficulty,Unconsciousness,
664,Stroke,Loss of arm mobility,Slurred speech,Lopsided facial expression,
665,Burn/Scalds,Charred/blistered skin,Red/peeling skin,,
666,Stroke,Slurred speech,Loss of arm mobility,Unconsciousness,
667,Cardiac Arrest,Unconsciousness,Absence of pulse,Chest pain,Breathing difficulty
668,Burn/Scalds,Charred/blistered skin,,,
669,Cardiac Arrest,Absence of pulse,Breathing difficulty,,
670,External Bleeding,Bleeding from an open wound,,,
671,Burn/Scalds,Red/peeling skin,,,
672,External Bleeding,Bleeding from an open wound,,,
673,Heatstroke,High body temperature,Excessive sweating,Dizziness/light-headed,Clammy skin
674,Epileptic Seizures,Disorientation,,,
675,External Bleeding,Bleeding from an open wound,,,
676,Heatstroke,Excessive sweating,,,
677,Bone Fracture/Dislocation,Bruising of joint,,,
678,Cardiac Arrest,Breathing difficulty,Absence of pulse,Chest pain,
679,External Bleeding,Bleeding from an open wound,,,
680,Heatstroke,High body temperature,Excessive sweating,,
681,Sprains,Bruising of joint,,,
682,Cardiac Arrest,Unconsciousness,Chest pain,,
683,Heatstroke,Dizziness/light-headed,,,
684,Sprains,Swelling of joint,,,
685,Bone Fracture/Dislocation,Visible deformity of bone/joint,Bruising of joint,,
686,Heatstroke,Excessive sweating,Clammy skin,High body temperature,Dizziness/light-headed
687,Hyperventilation,Breathing difficulty,,,
688,Bone Fracture/Dislocation,Bruising of joint,Swelling of joint,Visible deformity of bone/joint,
689,Concussion,Disorientation,Bruising/swelling on head,Headache,
690,Hyperventilation,Disorientation,Dizziness/light-headed,,
691,Heatstroke,High body temperature,Excessive sweating,Clammy skin,Dizziness/light-headed
692,Concussion,Unconsciousness,Bruising/swelling on head,Headache,
693,Bone Fracture/Dislocation,Visible deformity of bone/joint,,,
694,External Bleeding,Bleeding from an open wound,,,
695,Cardiac Arrest,Breathing difficulty,Chest pain,Unconsciousness,Absence of pulse
696,Stroke,Slurred speech,,,
697,External Bleeding,Bleeding from an open wound,,,
698,Stroke,Slurred speech,Lopsided facial expression,Loss of arm mobility,
699,External Bleeding,Bleeding from an open wound,,,
700,Hyperventilation,Palpitation/rapid pulse,Breathing difficulty,,
701,Stroke,Lopsided facial expression,Loss of arm mobility,Slurred speech,Unconsciousness
702,Sprains,Bruising of joint,,,
703,Concussion,Unconsciousness,Headache,Bruising/swelling on head,Disorientation
704,Hyperventilation,Palpitation/rapid pulse,Dizziness/light-headed,Breathing difficulty,
705,Cardiac Arrest,Absence of pulse,Unconsciousness,Breathing difficulty,Chest pain
706,Sprains,Swelling of joint,Bruising of joint,,
707,Cardiac Arrest,Unconsciousness,Chest pain,Breathing difficulty,Absence of pulse
708,Cardiac Arrest,Chest pain,Absence of pulse,,
709,Stroke,Lopsided facial expression,Unconsciousness,Loss of arm mobility,Slurred speech
710,Epileptic Seizures,Disorientation,,,
711,Stroke,Loss of arm mobility,Lopsided facial expression,,
712,Concussion,Unconsciousness,Disorientation,Headache,Bruising/swelling on head
713,Concussion,Unconsciousness,Bruising/swelling on head,Disorientation,Headache
714,Hyperventilation,Palpitation/rapid pulse,Disorientation,Breathing difficulty,
715,Heatstroke,Excessive sweating,High body temperature,Clammy skin,
716,External Bleeding,Bleeding from an open wound,,,
717,Burn/Scalds,Red/peeling skin,Charred/blistered skin,,
718,Sprains,Swelling of joint,,,
719,Sprains,Bruising of joint,Swelling of joint,,
720,Stroke,Lopsided facial expression,Loss of arm mobility,,
721,Epileptic Seizures,Breathing difficulty,Jerking of limbs,Unconsciousness,
722,Bone Fracture/Dislocation,Swelling of joint,Bruising of joint,,
723,Hyperventilation,Palpitation/rapid pulse,Dizziness/light-headed,Breathing difficulty,
724,Burn/Scalds,Red/peeling skin,,,
725,Hyperventilation,Breathing difficulty,,,
726,Heatstroke,Dizziness/light-headed,High body temperature,Clammy skin,Excessive sweating
727,Stroke,Lopsided facial expression,,,
728,Sprains,Bruising of joint,Swelling of joint,,
729,Bone Fracture/Dislocation,Visible deformity of bone/joint,,,
730,Cardiac Arrest,Absence of pulse,Chest pain,,
731,Sprains,Swelling of joint,Bruising of joint,,
732,Burn/Scalds,Red/peeling skin,Charred/blistered skin,,
733,Stroke,Lopsided facial expression,Unconsciousness,Loss of arm mobility,
734,Sprains,Bruising of joint,,,
735,Burn/Scalds,Red/peeling skin,,,
736,Concussion,Headache,Bruising/swelling on head,Disorientation,
737,Hyperventilation,Dizziness/light-headed,Disorientation,Breathing difficulty,Palpitation/rapid pulse
738,Hyperventilation,Dizziness/light-headed,Breathing difficulty,Disorientation,
739,External Bleeding,Bleeding from an open wound,,,
740,External Bleeding,Bleeding from an open wound,,,
741,Cardiac Arrest,Chest pain,,,
742,Hyperventilation,Dizziness/light-headed,,,
743,Epileptic Seizures,Disorientation,,,
744,Hyperventilation,Dizziness/light-headed,Disorientation,,
745,Stroke,Lopsided facial expression,Unconsciousness,Loss of arm mobility,
746,Heatstroke,Dizziness/light-headed,Clammy skin,High body temperature,
747,Epileptic Seizures,Unconsciousness,,,
748,Hyperventilation,Palpitation/rapid pulse,Breathing difficulty,Disorientation,
749,Bone Fracture/Dislocation,Bruising of joint,Swelling of joint,Visible deformity of bone/joint,
750,Burn/Scalds,Charred/blistered skin,,,
751,Heatstroke,High body temperature,Clammy skin,,
752,Burn/Scalds,Charred/blistered skin,Red/peeling skin,,
753,Bone Fracture/Dislocation,Swelling of joint,Visible deformity of bone/joint,,
754,Concussion,Disorientation,Unconsciousness,,
755,Epileptic Seizures,Breathing difficulty,Unconsciousness,Disorientation,Jerking of limbs
756,Cardiac Arrest,Chest pain,Unconsciousness,Breathing difficulty,
757,External Bleeding,Bleeding from an open wound,,,
758,Hyperventilation,Breathing difficulty,Disorientation,Dizziness/light-headed,
759,Bone Fracture/Dislocation,Visible deformity of bone/joint,Swelling of joint,,
760,Hyperventilation,Dizziness/light-headed,Disorientation,Breathing difficulty,Palpitation/rapid pulse
761,Burn/Scalds,Red/peeling skin,,,
762,Concussion,Bruising/swelling on head,Unconsciousness,Headache,
763,External Bleeding,Bleeding from an open wound,,,
764,Cardiac Arrest,Absence of pulse,Breathing difficulty,Unconsciousness,
765,Concussion,Disorientation,Bruising/swelling on head,Headache,
766,Concussion,Bruising/swelling on head,Unconsciousness,,
767,Stroke,Slurred speech,Loss of arm mobility,Lopsided facial expression,Unconsciousness
768,Hyperventilation,Disorientation,Dizziness/light-headed,Breathing difficulty,
769,Bone Fracture/Dislocation,Visible deformity of bone/joint,,,
770,Bone Fracture/Dislocation,Bruising of joint,,,
771,Bone Fracture/Dislocation,Swelling of joint,,,
772,Hyperventilation,Disorientation,,,
773,Cardiac Arrest,Chest pain,,,
774,Epileptic Seizures,Disorientation,Breathing difficulty,Jerking of limbs,Unconsciousness
775,Burn/Scalds,Charred/blistered skin,,,
776,Heatstroke,High body temperature,Dizziness/light-headed,,
777,Stroke,Slurred speech,Unconsciousness,,
778,Heatstroke,Clammy skin,,,
779,Bone Fracture/Dislocation,Visible deformity of bone/joint,Swelling of joint,,
780,Concussion,Bruising/swelling on head,Unconsciousness,Disorientation,
781,Bone Fracture/Dislocation,Visible deformity of bone/joint,Bruising of joint,,
782,Bone Fracture/Dislocation,Bruising of joint,,,
783,Cardiac Arrest,Breathing difficulty,Unconsciousness,Absence of pulse,Chest pain
784,Hyperventilation,Disorientation,Dizziness/light-headed,,
785,Bone Fracture/Dislocation,Visible deformity of bone/joint,,,
786,Stroke,Lopsided facial expression,Unconsciousness,Loss of arm mobility,
787,Heatstroke,Dizziness/light-headed,Clammy skin,Excessive sweating,
788,Stroke,Lopsided facial expression,Slurred speech,Loss of arm mobility,
789,Stroke,Loss of arm mobility,Lopsided facial expression,Unconsciousness,Slurred speech
790,Cardiac Arrest,Absence of pulse,Breathing difficulty,,
791,Bone Fracture/Dislocation,Swelling of joint,Visible deformity of bone/joint,Bruising of joint,
792,Hyperventilation,Breathing difficulty,Palpitation/rapid pulse,Dizziness/light-headed,Disorientation
793,Epileptic Seizures,Jerking of limbs,Breathing difficulty,Unconsciousness,Disorientation
794,Sprains,Swelling of joint,Bruising of joint,,
795,External Bleeding,Bleeding from an open wound,,,
796,Sprains,Bruising of joint,,,
797,External Bleeding,Bleeding from an open wound,,,
798,Cardiac Arrest,Absence of pulse,,,
799,Epileptic Seizures,Unconsciousness,Breathing difficulty,Jerking of limbs,
800,Heatstroke,High body temperature,,,
801,Concussion,Disorientation,Headache,Unconsciousness,
802,Heatstroke,Clammy skin,High body temperature,Excessive sweating,Dizziness/light-headed
803,Hyperventilation,Palpitation/rapid pulse,,,
804,Burn/Scalds,Charred/blistered skin,,,
805,Stroke,Unconsciousness,,,
806,Sprains,Bruising of joint,,,
807,Stroke,Loss of arm mobility,Unconsciousness,Slurred speech,Lopsided facial expression
808,External Bleeding,Bleeding from an open wound,,,
809,Cardiac Arrest,Breathing difficulty,Unconsciousness,Chest pain,Absence of pulse
810,External Bleeding,Bleeding from an open wound,,,
811,Hyperventilation,Palpitation/rapid pulse,Dizziness/light-headed,,
812,Cardiac Arrest,Breathing difficulty,,,
813,External Bleeding,Bleeding from an open wound,,,
814,Hyperventilation,Palpitation/rapid pulse,Dizziness/light-headed,Disorientation,
815,Cardiac Arrest,Unconsciousness,Absence of pulse,Chest pain,Breathing difficulty
816,Bone Fracture/Dislocation,Bruising of joint,Swelling of joint,Visible deformity of bone/joint,
817,Heatstroke,Dizziness/light-headed,Clammy skin,High body temperature,
818,Hyperventilation,Breathing difficulty,Palpitation/rapid pulse,Dizziness/light-headed,
819,Concussion,Unconsciousness,Headache,Disorientation,Bruising/swelling on head
820,Bone Fracture/Dislocation,Visible deformity of bone/joint,Swelling of joint,,
821,Epileptic Seizures,Breathing difficulty,,,
822,Bone Fracture/Dislocation,Bruising of joint,,,
823,Bone Fracture/Dislocation,Swelling of joint,,,
824,Stroke,Loss of arm mobility,Unconsciousness,Lopsided facial expression,Slurred speech
825,Sprains,Swelling of joint,,,
826,Burn/Scalds,Red/peeling skin,Charred/blistered skin,,
827,Burn/Scalds,Charred/blistered skin,,,
828,Concussion,Bruising/swelling on head,,,
829,External Bleeding,Bleeding from an open wound,,,
830,Bone Fracture/Dislocation,Visible deformity of bone/joint,Bruising of joint,,
831,External Bleeding,Bleeding from an open wound,,,
832,Concussion,Headache,,,
833,Heatstroke,Dizziness/light-headed,,,
834,Bone Fracture/Dislocation,Visible deformity of bone/joint,,,
835,Epileptic Seizures,Breathing difficulty,,,
836,Sprains,Swelling of joint,,,
837,Cardiac Arrest,Chest pain,Breathing difficulty,,
838,Sprains,Bruising of joint,Swelling of joint,,
839,Epileptic Seizures,Unconsciousness,Breathing difficulty,Disorientation,Jerking of limbs
840,External Bleeding,Bleeding from an open wound,,,
841,External Bleeding,Bleeding from an open wound,,,
842,Sprains,Bruising of joint,Swelling of joint,,
843,Burn/Scalds,Red/peeling skin,,,
844,Concussion,Headache,Disorientation,Unconsciousness,Bruising/swelling on head
845,Hyperventilation,Dizziness/light-headed,Breathing difficulty,,
846,External Bleeding,Bleeding from an open wound,,,
847,Sprains,Swelling of joint,,,
848,Burn/Scalds,Red/peeling skin,Charred/blistered skin,,
849,Burn/Scalds,Red/peeling skin,Charred/blistered skin,,
850,Concussion,Disorientation,Unconsciousness,,
851,Concussion,Bruising/swelling on head,Unconsciousness,,
852,Epileptic Seizures,Jerking of limbs,Breathing difficulty,Unconsciousness,
853,Hyperventilation,Breathing difficulty,Palpitation/rapid pulse,Dizziness/light-headed,Disorientation
854,Heatstroke,Clammy skin,,,
855,Burn/Scalds,Red/peeling skin,Charred/blistered skin,,
856,Epileptic Seizures,Disorientation,Breathing difficulty,Jerking of limbs,Unconsciousness
857,Epileptic Seizures,Jerking of limbs,Breathing difficulty,Unconsciousness,
858,Cardiac Arrest,Breathing difficulty,Absence of pulse,Unconsciousness,Chest pain
859,Heatstroke,Excessive sweating,High body temperature,Clammy skin,Dizziness/light-headed
860,Concussion,Unconsciousness,Disorientation,Headache,Bruising/swelling on head
861,Stroke,Unconsciousness,,,
862,Sprains,Bruising of joint,,,
863,Burn/Scalds,Charred/blistered skin,Red/peeling skin,,
864,Hyperventilation,Dizziness/light-headed,Disorientation,Breathing difficulty,Palpitation/rapid pulse
865,Cardiac Arrest,Chest pain,,,
866,Stroke,Unconsciousness,Slurred speech,Loss of arm mobility,Lopsided facial expression
867,Heatstroke,Clammy skin,Excessive sweating,,
868,Heatstroke,Clammy skin,Excessive sweating,,
869,Bone Fracture/Dislocation,Visible deformity of bone/joint,Bruising of joint,,
870,Hyperventilation,Disorientation,Palpitation/rapid pulse,,
871,Heatstroke,Dizziness/light-headed,High body temperature,,
872,Burn/Scalds,Red/peeling skin,Charred/blistered skin,,
873,Epileptic Seizures,Jerking of limbs,Unconsciousness,,
874,Burn/Scalds,Red/peeling skin,,,
875,Bone Fracture/Dislocation,Swelling of joint,Visible deformity of bone/joint,,
876,Heatstroke,Dizziness/light-headed,High body temperature,,
877,Heatstroke,Clammy skin,Dizziness/light-headed,High body temperature,
878,Concussion,Bruising/swelling on head,Disorientation,,
879,External Bleeding,Bleeding from an open wound,,,
880,Hyperventilation,Palpitation/rapid pulse,Disorientation,Breathing difficulty,
881,Sprains,Bruising of joint,,,
882,Hyperventilation,Dizziness/light-headed,Palpitation/rapid pulse,,
883,Epileptic Seizures,Jerking of limbs,Disorientation,Unconsciousness,
884,Burn/Scalds,Charred/blistered skin,Red/peeling skin,,
885,External Bleeding,Bleeding from an open wound,,,
886,External Bleeding,Bleeding from an open wound,,,
887,Concussion,Unconsciousness,Headache,Bruising/swelling on head,Disorientation
888,Cardiac Arrest,Chest pain,Breathing difficulty,Absence of pulse,Unconsciousness
889,Cardiac Arrest,Unconsciousness,Breathing difficulty,Chest pain,Absence of pulse
890,Bone Fracture/Dislocation,Visible deformity of bone/joint,Swelling of joint,Bruising of joint,
891,Epileptic Seizures,Breathing difficulty,Jerking of limbs,,
892,External Bleeding,Bleeding from an open wound,,,
893,External Bleeding,Bleeding from an open wound,,,
894,Epileptic Seizures,Jerking of limbs,Breathing difficulty,Disorientation,
895,Burn/Scalds,Red/peeling skin,Charred/blistered skin,,
896,Sprains,Bruising of joint,,,
897,Epileptic Seizures,Breathing difficulty,Disorientation,Unconsciousness,Jerking of limbs
898,Sprains,Swelling of joint,,,
899,Heatstroke,High body temperature,Excessive sweating,Clammy skin,
900,Burn/Scalds,Charred/blistered skin,Red/peeling skin,,
901,Sprains,Bruising of joint,,,
902,Cardiac Arrest,Breathing difficulty,Unconsciousness,,
903,Cardiac Arrest,Absence of pulse,Breathing difficulty,Chest pain,Unconsciousness
904,External Bleeding,Bleeding from an open wound,,,
905,Hyperventilation,Palpitation/rapid pulse,,,
906,Bone Fracture/Dislocation,Visible deformity of bone/joint,Swelling of joint,,
907,Epileptic Seizures,Jerking of limbs,Breathing difficulty,,
908,Sprains,Swelling of joint,,,
909,Epileptic Seizures,Jerking of limbs,Breathing difficulty,Unconsciousness,Disorientation
910,Epileptic Seizures,Jerking of limbs,Breathing difficulty,,
911,Epileptic Seizures,Jerking of limbs,Unconsciousness,,
912,Heatstroke,High body temperature,,,
913,Sprains,Swelling of joint,Bruising of joint,,
914,Sprains,Bruising of joint,Swelling of joint,,
915,Hyperventilation,Palpitation/rapid pulse,Breathing difficulty,Dizziness/light-headed,
916,Cardiac Arrest,Breathing difficulty,Chest pain,Absence of pulse,
917,Stroke,Slurred speech,Loss of arm mobility,Unconsciousness,Lopsided facial expression
918,External Bleeding,Bleeding from an open wound,,,
919,External Bleeding,Bleeding from an open wound,,,
920,Burn/Scalds,Charred/blistered skin,Red/peeling skin,,
921,External Bleeding,Bleeding from an open wound,,,
922,Concussion,Disorientation,Unconsciousness,,
923,Stroke,Lopsided facial expression,Loss of arm mobility,Slurred speech,
924,External Bleeding,Bleeding from an open wound,,,
925,Sprains,Swelling of joint,,,
926,Hyperventilation,Disorientation,Dizziness/light-headed,,
927,External Bleeding,Bleeding from an open wound,,,
928,Stroke,Unconsciousness,Loss of arm mobility,,
929,Cardiac Arrest,Absence of pulse,Breathing difficulty,,
930,Heatstroke,Excessive sweating,Dizziness/light-headed,High body temperature,Clammy skin
931,Sprains,Bruising of joint,Swelling of joint,,
932,Heatstroke,Excessive sweating,Clammy skin,,
933,Sprains,Bruising of joint,Swelling of joint,,
934,Cardiac Arrest,Absence of pulse,Chest pain,,
935,Stroke,Slurred speech,Loss of arm mobility,Lopsided facial expression,
936,Concussion,Unconsciousness,Bruising/swelling on head,,
937,Heatstroke,Dizziness/light-headed,Excessive sweating,,
938,Stroke,Lopsided facial expression,,,
939,Bone Fracture/Dislocation,Visible deformity of bone/joint,Swelling of joint,,
940,Epileptic Seizures,Disorientation,,,
941,Cardiac Arrest,Absence of pulse,,,
942,Hyperventilation,Disorientation,Palpitation/rapid pulse,Dizziness/light-headed,
943,Epileptic Seizures,Unconsciousness,Jerking of limbs,Disorientation,
944,Concussion,Unconsciousness,Headache,,
945,External Bleeding,Bleeding from an open wound,,,
946,Epileptic Seizures,Jerking of limbs,Disorientation,,
947,Sprains,Swelling of joint,,,
948,External Bleeding,Bleeding from an open wound,,,
949,Epileptic Seizures,Breathing difficulty,Unconsciousness,Disorientation,
950,Bone Fracture/Dislocation,Bruising of joint,Visible deformity of bone/joint,,
951,Sprains,Bruising of joint,,,
952,Concussion,Unconsciousness,Disorientation,Headache,Bruising/swelling on head
953,Concussion,Bruising/swelling on head,,,
954,External Bleeding,Bleeding from an open wound,,,
955,Cardiac Arrest,Absence of pulse,,,
956,Epileptic Seizures,Breathing difficulty,Unconsciousness,,
957,Sprains,Bruising of joint,,,
958,Bone Fracture/Dislocation,Bruising of joint,,,
959,External Bleeding,Bleeding from an open wound,,,
960,Cardiac Arrest,Chest pain,Absence of pulse,Unconsciousness,Breathing difficulty
961,Sprains,Bruising of joint,Swelling of joint,,
962,Heatstroke,High body temperature,Clammy skin,Excessive sweating,
963,External Bleeding,Bleeding from an open wound,,,
964,Burn/Scalds,Charred/blistered skin,,,
965,Concussion,Bruising/swelling on head,Disorientation,Headache,Unconsciousness
966,Sprains,Swelling of joint,,,
967,Burn/Scalds,Charred/blistered skin,Red/peeling skin,,
968,Cardiac Arrest,Breathing difficulty,Chest pain,Unconsciousness,
969,Stroke,Lopsided facial expression,Slurred speech,,
970,Stroke,Slurred speech,Unconsciousness,,
971,Sprains,Bruising of joint,,,
972,Heatstroke,High body temperature,,,
973,Burn/Scalds,Red/peeling skin,,,
974,Heatstroke,Clammy skin,,,
975,Heatstroke,Clammy skin,Excessive sweating,,
976,Sprains,Bruising of joint,Swelling of joint,,
977,Cardiac Arrest,Breathing difficulty,Unconsciousness,Absence of pulse,
978,Hyperventilation,Palpitation/rapid pulse,Breathing difficulty,Disorientation,Dizziness/light-headed
979,Concussion,Disorientation,Bruising/swelling on head,Unconsciousness,
980,Bone Fracture/Dislocation,Bruising of joint,,,
981,Hyperventilation,Disorientation,Palpitation/rapid pulse,Dizziness/light-headed,Breathing difficulty
982,Stroke,Loss of arm mobility,Unconsciousness,Lopsided facial expression,
983,Heatstroke,High body temperature,Excessive sweating,Clammy skin,Dizziness/light-headed
984,Heatstroke,Dizziness/light-headed,,,
985,Burn/Scalds,Charred/blistered skin,Red/peeling skin,,
986,Hyperventilation,Disorientation,,,
987,Heatstroke,Dizziness/light-headed,Excessive sweating,,
988,Hyperventilation,Breathing difficulty,Palpitation/rapid pulse,Disorientation,Dizziness/light-headed
989,Sprains,Swelling of joint,Bruising of joint,,
990,Epileptic Seizures,Unconsciousness,,,
991,Stroke,Loss of arm mobility,Lopsided facial expression,,
992,Bone Fracture/Dislocation,Swelling of joint,,,
993,Concussion,Headache,Disorientation,,
994,Concussion,Unconsciousness,,,
995,Sprains,Swelling of joint,,,
996,Stroke,Lopsided facial expression,Unconsciousness,Loss of arm mobility,
997,Concussion,Unconsciousness,Disorientation,,
998,Stroke,Loss of arm mobility,,,
999,Epileptic Seizures,Disorientation,Jerking of limbs,,
